Article_ID,Country_Region
1,Schwann
1,Kif4a
2,n/2
3,Portugal
3,F1
7,AI
10,Unity
12,F1
22,Brazil
22,Spain
22,Italy
22,Portugal
22,AI
25,Guadeloupe
25,Portugal
25,Senegal
26,Portugal
33,Portugal
33,Spain
41,Hg
41,South Georgia
43,AP4E1
50,Denmark
53,Guadeloupe
53,Senegal
53,Portugal
56,L1
57,Gibbs
58,Portugal
58,Florida
58,Melbourne Beach
58,Juno Beach
58,Ft. Lauderdale
61,preeclampsia
65,Tratado
66,Platalea
66,Ria Formosa
68,hPa
69,AI
74,Ruditapes
74,EF
79,the Mantiqueira Province
79,Cabo Frio
79,LA
79,"between---9,7 and-5,0"
79,Ga.
79,Lagos
79,Lagos Region
79,Congo
85,UC
90,Portugal
90,Germany
90,AI
92,Rio de Janeiro State
92,Brazil
92,SB
95,Germany
99,Portugal
100,Candida
100,Cryptococcus
100,Portugal
101,macroalgae
101,Pelvetia
103,Fermi
104,ER
104,HER2
107,LiYF
109,Portugal
109,Santa Joana
109,Caramullan
109,Vouzela
110,mL−1
111,Portugal
117,Zn
117,PP
120,group#2
131,Portugal
131,Saprolegnia
131,UE
131,Aeromonas
133,Gansu Province
133,China
135,PP
144,myositis
144,anaesthesia
150,Portugal
150,Spain
150,EF
151,Finaly
153,NE
154,Santos
155,Brazil
155,GB
155,the Little Ice Age
162,Brazil
163,Orbiniidae
163,Microrbinia
170,HeLa
174,Portugal
176,Matilde
178,Portugal
178,Trevarthen
183,Ni-NPs
183,Mytilus spp
183,Mytilus
184,Portugal
185,Portugal
185,Angola
190,Dratopi
192,Pirkle
192,MD
197,Brazil
197,SB
197,Zn
197,Hg
200,ES
202,Brazil
202,Zn
204,CERRA
206,KI
207,Fogo
208,Lisbon
208,Portugal
208,bioburden
210,Portugal
211,Portugal
212,Ni
212,Zn
214,Brazil
214,Canada
214,Portugal
215,Kaggle
215,Pakistan
217,Neogloboquadrina
219,Anisakis
220,Ruditapes
222,LILACS
223,Portugal
226,Portugal
227,Portugal
228,SjD
235,Faraday
238,Portugal
239,GRMHD
242,Australia
242,South Africa
243,AI
248,N. shiloi
250,parthenogenetica
252,myositis
255,Brazil
255,Vitória-Trindade Ridge
256,Cu
257,Multimedia
262,IrO
272,United States
272,US
272,GM_CS
274,Thrichomys
275,Portugal
275,NE
276,Mellin
277,Portugal
277,PUBMED
278,Python
281,SIMION
282,AI
283,Lisbon
286,Ind.
288,Cyanobacteria
288,cyanobacteria
288,Portugal
289,Estrela
290,Lisbon
290,Portugal
291,Artemia
292,Portugal
295,NIR
295,EB
299,Cardiology
300,Yttria
301,Pakistan
301,Lahore
301,Gujranwala
304,macroalgal
305,Platalea
305,Portugal
305,colonies
306,HF
306,Duval
309,DDoS
310,Portugal
310,NOS2030
310,NOS2023
311,AI
311,Canada
311,the United States
311,China
312,Portugal
313,Luanda
313,Angola
314,GB
314,Rio de Janeiro State
314,Brazil
319,Portugal
322,Zn
322,ZnO
322,ZnO_Ph
324,RT
327,Crato - CE
327,the Public Use Zone
327,Sítio Pinheiros
327,Barbalha
330,HER2
333,Cu
335,Portugal
335,Pejão
337,Luanda
337,Angola
337,Zn
337,Sb
337,Cd
339,BioTIME
341,France
343,White
345,Kazakh
348,Portugal
351,Brazil
351,Paraty Harbor
351,Zn
355,AI
358,Euphausia
358,South Sandwich Islands
364,Oecusse
364,Timor Island
364,Timor
365,K(Y
366,Angola
369,US
369,Revolt
373,ZnO
373,Zn
373,ZCVO
379,Portugal
379,Sequential
380,Delphinus
380,Phocoena
380,l.w.
383,USA
383,China
384,arthralgia
384,dysphagia
387,England
388,Yukawa
389,F1
391,Mulch
391,mulch
392,Tunisia
392,LA
394,São Paulo
394,Brazil
398,Adenanthera pavonina L.
401,Hermetia
404,Portugal
406,Portugal
411,MD
411,PPU
412,LA
414,Portugal
415,Schwarzschild
426,Brazil
427,Portugal
428,common minke
428,Portugal
428,Northwest Spain
429,Santo
429,Opresko
431,Opuntia
433,AI
433,Zenoh
434,Brazil
434,Mamanguá
434,Reis City
434,Tl
435,Manila
435,Portugal
441,Netflix
443,Scotland
445,Olea
446,Portugal
449,AI
454,Portugal
460,Portugal
465,NE
465,Nereis
465,s.s.
467,MR
471,China
471,Saudi Arabia
471,Brazil
472,Platalea
473,myositis
477,Arenas-Henriquez et al
477,Israel
479,AI
482,Egypt
484,US
486,HTR United
495,DCF
503,Brazil
504,Si(001
505,Newton
506,Resignação
511,Spirulina
511,NADES
514,NIR
520,Spain
520,Andalusia
520,Portugal
523,ROC
527,Context Scale
528,Lahore
528,Gujranwala
528,F1
528,Pakistan
531,Brazil
532,New Zealand
534,Broadband
534,AI
535,Gibbs
537,Grades
538,Angolan
538,Portugal
538,Angola
539,Portugal
542,starch
542,Starch
545,Portugal
545,P. pachypleura
546,Fasciola
546,Portugal
559,Iran
560,width
563,node
564,Camargue
567,Bahia
567,Brazil
569,Portugal
571,TadGAN
571,anomaly
577,Patagonia
577,Nb
588,UK
588,Pakistan
591,Portugal
595,AI
596,Ca
603,Portugal
603,LEK
604,Delgado
605,Portugal
606,Valongo
615,DP
625,AI
626,Portugal
626,AI
629,80:10:10
629,MobileNet
629,AI
635,F1
637,F1
642,Brazil
643,Meox2
647,Chemistry
658,AI
665,Mo.
667,US
683,ST
685,Phoenix
685,Biskra
685,Algeria
686,Algarve
686,Autonomous Region
687,Portugal
697,Oeiras
697,Portugal
702,Instagram
705,DC
707,Bessel
708,CPP
713,anesthesia
716,SATCOM
717,Random
718,Aveiro
718,Portugal
718,Karlsruhe
718,Germany
719,MR
728,San Francisco
729,UK
729,AI
736,Alentejo
736,Portugal
740,AI
742,NLoS
755,HbAA
757,Portugal
757,Lisbon
758,AI
759,AI
761,Macau
761,the Special Administrative Region
761,Macao
763,Jordan
763,Amman
764,Paraná
767,Portugal
771,HF
772,PD
775,Portugal
780,Amazonas
780,Brazil
781,Santa Maria da Feira
781,Portugal
782,Lean
790,AI
790,Brazil
790,Portugal
812,Mário Cesariny
812,Cesariny
812,Orpheu
813,Portugal
813,Barroso
819,Canada
819,Colombia
819,United States
819,New Zealand
819,England
819,Sweden
819,Brazil
824,VR
826,ROC
829,wideband
830,DC
832,Portugal
833,Portugal
840,anesthesia
847,Zyzzyva
850,Elderly
855,xenon
869,Porto
874,Portugal
876,Portugal
879,Lulworthiomycetidae
879,MCM7
879,Lulworthiales
879,Lulwoana
879,Lulwoidea
879,Matsusporium
879,Paralulworthia
879,Paramoleospora
879,Sammeyersia
884,Portugal
885,the Kingdom of Portugal
886,Portugal
886,Spain
887,Portugal
888,Portugal
889,Portugal
892,Xálima
892,San Martín de Trevejo
892,Valverde
895,Brazil
896,Zn
897,Rietveld
900,Aveiro
900,Portugal
902,Xylem
902,L1
903,Portugal
905,L1
909,CR
909,Coccidioides
915,Portugal
919,Delphinus
919,Biscay
924,IV
924,Centro
924,Portugal
925,France
925,Germany
925,Luxembourg
925,Portugal
933,Luanda
933,Angola
933,formaldehyde
933,propionaldehyde
933,butyraldehyde
935,Portugal
938,Morocco
938,Algeria
938,Tunisia
939,CCS
939,Estonia
939,Portugal
939,Romania
943,Belgium
943,Cyprus
943,Czech Republic
943,Greece
943,Italy
943,Netherlands
943,Portugal
943,Slovenia
946,CD5L
948,Nextstrain
948,Illumina
951,Portugal
953,Portugal
953,CERN
953,Japan
953,Germany
956,AC
962,C.I.
963,Portugal
964,Viseu
964,Portugal
972,Brazil
973,Zn
974,Coimbra
974,Portugal
975,n⩾36
981,Portugal
990,neoplasia
991,Brazil
993,Oecusse
993,East Timor
993,Timor
993,Cr
993,Maubisse
995,SB
995,Rio de Janeiro State
995,Brazil
995,Ammonia
996,Lipid
997,Arctocephalus
998,Portugal
999,L
1002,Brazil
1012,NCs
1019,Warburg
1022,boson
1025,Brazil
1025,Portugal
1029,F1
1034,Brazil
1034,SB
1034,Zn
1034,Ammonia
1034,Hayward
1034,North and
1035,Portugal
1039,vanillin
1040,Portugal
1041,Candida
1042,North Patagonia
1042,Argentina
1042,al.
1046,Candida
1047,Iran
1047,Cenozoic
1058,Angola
1058,Brazil
1058,Cape Verde
1058,Mozambique
1058,Portugal
1058,East Timor
1058,Spain
1060,Patagonia
1060,Gondwana
1061,Brazil
1061,Buriti
1061,San Ignacio
1065,Portugal
1066,LA
1066,AWT
1067,UC
1071,Portugal
1071,Chiroptera
1072,Thermodynamics
1073,the Santos Basin
1073,Brazil
1079,Ecuador
1082,ZnO
1088,Morocco
1088,Laurasia
1089,Jurassic
1089,NE
1091,macroalgae
1091,Laminaria
1092,Paimogo
1092,Jurassic
1092,Portugal
1102,DM
1104,Ammonia
1107,Redox
1114,Portugal
1114,Cambisols
1115,Doñana
1119,EL
1121,Voronoi
1127,Portugal
1128,Portugal
1131,Puertos
1134,SB
1134,Cdeg
1134,Ni
1134,Hg
1137,≥
1150,Portugal
1150,Li
1153,Portugal
1153,Nurse
1154,hydroxyl
1155,Portugal
1156,Portugal
1157,myositis
1157,Myositis
1164,syphilis
1164,Portugal
1164,STI
1165,Portugal
1170,AI
1174,myositis
1175,Portugal
1175,Proteobacteria
1175,Sphingomonadales
1175,Nitrosomonadales
1175,Xanthomonadales
1175,Alteromonadales
1175,Legionellales
1177,F1
1178,Ammonia
1178,ammonia
1178,NOx
1182,DC
1183,RC
1184,YNbO
1185,Portugal
1185,Zn
1185,Panasqueira
1188,chloro
1194,Biscay
1197,DAS28
1202,Translation
1208,HF
1208,DG
1212,Aveiro
1212,Portugal
1216,AI
1218,AI
1219,MIL-120(Al)-AP
1220,Liga
1223,Portugal
1227,L
1228,Portugal
1233,New β-amino
1233,DSSC
1234,Porto
1234,Portugal
1235,Portugal
1235,AI
1235,Spain
1240,Eq
1241,GC
1241,phenolic
1244,Transferrin
1245,KTF
1249,Lasiodiplodia
1251,Portugal
1251,Ria de Aveiro
1257,Portugal
1267,Fintech
1269,Foxo3
1269,Foxo3cKO
1270,Bacteroidia
1270,Clostridia
1274,GRMHD
1275,Portugal
1276,Portugal
1279,Golden
1280,GB
1280,Brazil
1280,Botafogo
1280,Glória
1284,F1
1285,klf2a
1286,kNN
1286,RI
1289,Duval
1294,Portugal
1299,AI
1301,Ni
1301,KP
1304,silicas
1308,phloroglucinol
1310,Portugal
1319,Portugal
1321,Portugal
1321,CL
1322,Saudi Arabia
1323,Cronbach
1326,Zr
1331,Portugal
1332,Portugal
1333,Fredholm
1338,Portugal
1340,Portugal
1341,Zn
1341,Ni
1344,X4
1346,Conducting
1346,Brazil
1346,The United States
1352,Portugal
1359,Leishmaniasis
1361,Portugal
1363,Australia
1363,Bolivia
1363,Brazil
1363,Canada
1363,China
1363,Ghana
1363,Iran
1363,Mexico
1363,Mongolia
1363,Portugal
1363,Poland
1364,La(Fe
1364,Gibbs
1365,IV
1366,Santarém
1366,Portugal
1366,North Africa
1366,Iberia
1369,Cu
1369,Zn
1369,Furnas Village
1369,Eu
1370,Maillard
1373,Didelphis
1377,SB
1377,Brazil
1378,Portugal
1379,CERN
1381,Brazil
1382,GC-2B
1388,Pakistan
1390,Artemisia
1391,ZnO
1391,Zn
1391,ZnO_Ph
1392,AI
1392,Brazil
1393,the United States of America
1394,Palatini
1394,boson
1396,B450
1396,Zn
1399,LiYF
1401,Bombyx
1406,myositis
1411,Salicornia
1415,Portugal
1415,Mondego
1418,North Patagonia
1418,Argentina
1420,miRNAs
1424,EL
1424,EL region
1425,Portugal
1426,Bolivina
1426,Nonionella
1428,"N=72,627"
1428,Mage=32.84
1428,SDage=12.57
1428,US
1428,Canada
1429,Berlenga
1431,Zn
1433,Portugal
1437,Eu-6
1439,Portugal
1440,Aveiro
1440,Portugal
1441,Portugal
1441,Amoxicillin
1444,Lophelia
1445,Ediacaran
1445,Gondwana
1445,Iran
1445,Anatolia
1449,LA
1450,NIR
1453,GWTC-2
1453,GWTC-1
1455,Zn
1458,Streptococcus
1459,IO
1459,Portugal
1463,Background
1463,Portugal
1464,Portugal
1467,Spain
1467,Badajoz
1467,Guadiana
1476,UC
1476,CF
1478,AI
1479,AI
1482,Photovoltaic
1487,AI
1491,AI
1493,Groundwater
1494,Spain
1496,PhET
1497,Belgium
1500,Salicornia
1501,Viana
1501,Castelo
1501,Portugal
1503,Larnaca
1503,hyposphenia
1503,Apseudopsis
1504,AI
1505,PubMed
1506,South Africa
1507,Croatia
1507,Bulgaria
1507,Romania
1507,the Municipality of Draž
1508,Portugal
1512,Understanding
1513,Portugal
1514,F1
1518,Lautém
1518,Timor
1520,Newton
1525,Porto-Portugal
1529,Portugal
1531,Timor
1532,Netherlands
1538,Brazil
1538,Portugal
1540,Iran
1540,Nb
1541,antennas
1547,Portugal
1547,n=10
1548,Portugal
1548,Peraire
1551,Brazil
1551,Portugal
1554,Fungal Kingdom
1554,Caulochytriomycota
1554,Chytridiomycota
1554,Basidiomycota
1554,Boletales
1554,Cortinarius
1554,Glomeromycota
1554,Myxomycetes
1554,Phyllosticta
1559,antennas
1566,Artificial
1571,ER
1573,Anthropocene
1576,Apps
1577,DC
1580,Melanoma
1583,AI
1583,Spain
1583,Brazil
1586,PON
1587,Manchester
1589,wideband
1591,AI
1595,Picturebook
1595,Picturebooks
1601,Angola
1602,Porto
1606,Recife
1606,Brazil
1608,Portugal
1609,Vončina
1609,Polyplacophora
1609,Mopaliidae
1609,Shinkailepas
1609,Phenacolepadidae
1609,Bivalvia
1609,Tanaidacea
1617,Russia
1617,Ukraine
1622,VR
1627,the Portuguese Republic
1628,P.L.
1633,Mexico
1637,Strontium
1649,Portugal
1650,Linguistics
1653,Mozambique
1654,Portugal
1654,AI
1657,Mozambique
1657,Capacity
1666,Brazil
1667,Aveiro
1667,Portugal
1675,Portugal
1676,Mozambique
1681,Brazil
1684,neophobia
1685,Phocoena
1686,USA
1686,China
1686,England
1688,IA
1688,Newton
1694,Portugal
1697,AI
1700,SAMSEF
1702,CV
1702,OA
1704,China
1704,U.S.
1705,SCRL
1705,EB
1705,TIC
1706,DR
1709,Lisbon
1709,Portugal
1713,subsp
1714,Idiotizadas
1715,GaN
1715,FET
1718,Milan
1718,Rome
1718,Italy
1718,Aveiro
1718,Portugal
1721,AI
1722,Portugal
1723,ER
1725,Portugal
1726,Portugal
1726,Delphinus
1726,Phocoena
1727,NS
1734,Portugal
1737,Camellia
1745,Colombia
1746,Kapton
1751,herbaria
1756,MO
1757,VR
1758,Portugal
1758,USA
1758,U.S.
1763,DC
1766,Coimbra
1766,Portugal
1768,States
1775,Portugal
1777,/e/
1777,Lisbon
1780,Cornuéjols
1782,PaCPn
1783,France
1785,Aveiro
1785,Portugal
1786,Congo
1786,CR
1788,Aveiro
1788,Portugal
1789,Israel
1796,biomass park management
1797,upper beach
1801,Portugal
1805,North Patagonia
1805,Patagonia
1805,New U-Pb
1805,Gondwana
1807,node
1812,Salicornia
1813,Portugal
1813,Crocidura
1816,Portugal
1816,UK
1818,Florida
1820,Portugal
1820,Aveiro
1820,BV
1826,Portugal
1830,Portugal
1830,F1
1834,Patos Beach
1834,NW Spain
1849,Portugal
1851,Portugal
1852,Phenolic
1853,Portugal
1853,Brazil
1864,Brazil
1864,Zn
1865,Mexico
1872,Portugal
1872,Aveiro
1872,Lisbon
1873,Brazil
1876,Gaia
1876,Portugal
1876,UE
1877,Portugal
1877,Denmark
1882,Greenland
1886,Smart City
1895,boson
1896,LA
1898,Aveiro
1898,Portugal
1901,LA
1901,Trindade Island
1901,Brazil
1907,Colombia
1907,Spain
1907,Portugal
1909,Porto
1909,Portugal
1915,Brazil
1916,Mauritania
1916,Iberia
1916,Phocoena
1921,F1
1923,Illumina
1925,Portugal
1925,Basidiomycota
1925,Scedosporium
1928,Brazil
1928,Ponta
1928,Zn
1930,Portugal
1934,Portugal
1935,Portugal
1936,HeLa
1941,Portugal
1941,Ria Formosa
1941,"North, Center"
1941,South Portugal
1941,Fulton
1941,Rio Sado
1945,Portugal
1946,Lisbon
1946,Portugal
1953,The Dominican Republic
1953,the Dominican Republic
1953,Barahona
1957,Portugal
1958,Portugal
1959,Geriatrics
1959,Perugia
1959,Italy
1959,Berlin
1959,Germany
1959,Bristol
1959,UK
1962,Vagos
1963,Portugal
1963,Spain
1964,Guarda
1965,Portugal
1967,DyIII
1972,Portugal
1973,Coimbra
1973,Portugal
1979,Spain
1979,Portugal
1980,Portugal
1981,SB
1983,Guadiana
1983,Iberia
1983,Upogebia
1986,L1
1988,−
1992,Portugal
1992,Blastocystis
1993,Sao Paulo
1993,Brazil
2004,Portugal
2004,Lisbon
2004,Cu
2004,Zn
2004,Mn
2008,Portugal
2022,F1
2023,Brazil
2027,Aberta
2027,Portugal
2030,kg·CO
2035,Kerr
2037,Portugal
2037,biota
2039,VT
2039,USA
2039,Chicago
2039,IL
2040,Iberia
2043,UE
2046,Mustela
2046,Iberia
2047,Portugal
2049,Portugal
2060,n’t
2062,Portugal
2062,Ria Formosa
2067,DetChar
2072,Drosophila
2073,Fungal
2073,Pleosporales
2073,Ageratinicola
2073,Kevinia
2073,Vizzinia
2073,Allocryptovalsa
2073,Calycina
2073,Hysterobrevium
2073,Kirschsteiniothelia
2073,Melomastia
2073,Nemania
2073,Petriella thailandica
2073,Setoseptoria
2073,Urnula
2074,AI
2080,Y3
2080,Y4
2082,Lean
2083,ABiO
2083,Zn
2085,Algeria
2088,starch
2089,Portugal
2089,EB
2090,Neotropic
2092,C3948
2093,NIR
2093,IB
2094,estrogen
2094,HER2
2094,Warburg
2094,HER2+
2095,Brazil
2098,Sandhoff
2099,Lycosa
2099,Dufour
2100,Brazil
2102,F1
2103,Brazil
2108,L1
2108,inf>4</inf>-BIAN)<inf>2</inf>][BF
2111,Cronbach
2113,Portugal
2114,Ukraine
2114,Portugal
2115,Roraima
2116,Irganox
2122,Atargis
2122,Spain
2122,NC
2123,CsBX
2125,PW
2129,Portugal
2129,France
2133,Crocidura
2134,Portugal
2139,Voronoi
2141,Brazil
2141,Zn
2147,DCF
2151,Platalea
2151,Spain
2151,Netherlands
2151,Portugal
2151,colonies
2151,Louisiana
2151,Procambarus
2153,HF
2154,Portugal
2156,Portugal
2162,Oman
2162,Shinas
2162,Samail
2162,Zn
2164,Australasia
2167,Poincaré
2170,CD44
2170,bCOL2A1
2179,HeLa
2181,Aveiro
2181,Portugal
2185,Portugal
2185,Tripadvisor
2186,SF
2186,Portugal
2187,COVID-19
2187,PD
2187,Vouga
2190,Morocco
2190,Algeria
2190,Tunisia
2190,herbaria
2190,Calendula
2193,Palatini
2195,AI
2199,Machico
2200,Portugal
2202,the Ovar Municipality
2202,Portugal
2206,Portugal
2209,CRD42021227944
2211,Brazil
2215,Portugal
2217,Portugal
2218,InP
2220,Candida
2222,Lisbon
2222,Rio de Janeiro
2226,k∈N
2233,Portugal
2233,Viana
2233,Caminha
2236,macroalgae
2236,Ulva
2238,GWTC-1
2239,Portugal
2239,LAs
2240,COX-2
2242,Suzuki
2248,Palatini
2252,MT
2255,Quaternary
2255,Morocco
2256,Zn
2256,Cr
2256,Pb
2256,Ghannouch
2258,Porto
2258,Portugal
2259,Lima
2265,Muscat
2270,LRchi2(2
2271,IO
2272,Beauveria
2272,Bb
2288,Cronbach
2292,Portugal
2292,Spain
2296,miRNAs
2300,N-(2
2305,Lizard Island
2305,Australia
2306,anaesthesia
2308,Gambusia
2309,Irgarol
2312,PM
2316,Brazil
2318,Brazil
2323,boson
2323,n=10
2324,Parvularculaceae
2327,MD
2329,Portugal
2332,Portugal
2336,Gibbs
2337,macroalgae
2338,Portugal
2338,West Region
2339,Paris
2341,F1
2341,N1
2345,Portugal
2346,Portugal
2346,USA
2346,Canada
2348,Portugal
2354,RA
2354,EBoD
2354,HBM4EU
2356,O. ferox
2356,Spain
2360,Brazil
2362,Caesalpinia
2362,width
2362,mL−1
2363,North Africa
2370,MD
2388,Morocco
2389,MO
2391,C-8′
2392,Saccharina
2392,F1
2396,Portugal
2403,Brazil
2406,Phenolic
2407,US
2408,Brazil
2410,Heterocapsa
2411,Portugal
2412,Iberia
2412,Portugal
2413,Inula
2414,LicT
2419,−
2420,Brazil
2426,California
2426,Mexico
2426,US
2426,Canada
2426,Alaska
2427,Tunisia
2427,the Kuriat Islands
2427,cyanobacteria
2427,chlorophytes
2427,Pseudo
2428,Portugal
2429,NCT05114395
2431,France
2431,Spain
2431,Greece
2431,Portugal
2431,Italy
2431,Pedroni
2434,Portugal
2434,Crocidura
2435,HeLa
2439,Zn
2439,LO
2443,Dunlin
2447,Portugal
2450,Olea
2450,Valpaços
2450,Portugal
2456,AI
2457,UC
2461,Germany
2462,ER
2464,Portugal
2466,Portugal
2469,F1
2472,France
2472,Portugal
2473,Cigarras beach
2473,Brazil
2473,Ammonia
2473,Bolivina
2476,Adenanthera pavonina L.
2477,EDTA
2477,iNKT
2479,Alteromonas
2480,U.S.
2482,Nile
2482,Spirulina
2485,AI
2486,South Africa
2493,F1
2495,São Paulo
2495,Brazil
2499,Portugal
2500,Caatinga
2502,Brazil
2504,Spain
2504,Portugal
2505,Aveiro
2505,Portugal
2506,Colombia
2508,ZnO
2509,SmartBnB
2512,AI
2517,Kitayama
2517,Bunyan
2519,Python
2519,Portugal
2524,East Timor
2529,Portugal
2529,AI
2530,Portugal
2536,Aveiro
2536,Portugal
2541,Spain
2541,Portugal
2542,Portugal
2544,Portugal
2545,WM
2546,Brazil
2546,Iran
2546,Portugal
2553,Python
2564,United Kingdom
2564,United States of America
2564,Venezuela
2564,South Africa
2564,People's Republic of China
2568,AlGaN
2573,Ukraine
2577,the Santos Basin
2577,SB
2577,Sao Paulo Plateau
2577,Globocassidulina
2577,Trifarina
2578,São Paulo
2584,Antwerp
2584,Portugal
2584,Évora
2584,Summa quaedam
2590,Portugal
2594,Elderly
2596,DBS
2596,Mass Spectrometry
2597,Oceania
2598,Portugal
2601,Portugal
2601,Brazil
2602,Urdu
2602,UFN
2605,Portugal
2605,England
2611,Brazil
2611,Portugal
2618,Skopje
2618,North Macedonia
2623,Portugal
2628,Portugal
2629,Portugal
2629,England
2629,United States
2629,Australia
2629,Singapore
2634,node
2643,GB
2645,Portugal
2647,USA
2647,UK
2647,Australia
2647,China
2647,India
2656,Portugal
2656,AI
2658,Portugal
2659,Accounting
2667,Accounting
2668,Portugal
2668,Brazil
2670,Mozambique
2680,Jamnagar
2680,India
2680,EB
2681,EB
2681,XYL
2681,ZSM-5
2681,Stull
2681,Westrum
2681,Sinke
2690,South Africa
2691,Brazil
2691,Portugal
2696,Portugal
2700,RSS
2708,ES
2710,Portugal
2712,Vietoris
2723,Curcuma
2725,Member States
2727,Portugal
2727,Porto
2727,Lisbon
2728,phenolic
2729,Portugal
2732,Portugal
2732,Catalonia
2735,Voronoi
2742,Candida
2743,Portugal
2746,Portugal
2747,NE Portugal
2748,Brazil
2748,Portugal
2749,Roman Urdu
2749,Q.L.
2752,Portugal
2756,Portugal
2761,Hippocampus
2763,melanoma
2764,Spain
2764,Portugal
2764,Buen Paso
2766,Portugal
2767,Recife
2767,Brazil
2772,Portugal
2772,LL
2776,Portugal
2776,Brazil
2779,Portugal
2779,Estrela
2779,Serra da Estrela
2779,Apatura
2779,Pictet
2779,Rottemburg
2779,Staudinger
2780,Portugal
2782,Governmental
2788,Napoli
2790,Brazil
2790,Portugal
2792,DGS
2808,diploid
2809,Portugal
2809,Blastocystis
2811,Portugal
2811,Estrela
2811,Cape Raso
2812,organelle
2812,LD
2813,Portugal
2815,Portugal
2821,Portugal
2828,electro
2829,Daphnia
2830,Salicornia
2830,CNF(ET
2833,The Santos Basin
2833,swarm province
2839,Portugal
2842,Portugal
2846,Fungal
2846,Botryosphaeriaceae
2846,Botryosphaeria
2857,Starch
2859,Denmark
2859,Germany
2859,Portugal
2859,Croatia
2859,the Czech Republic
2860,Brazil
2860,the United States
2861,SB
2863,West Africa
2865,Portugal
2865,n=508
2866,the Autonomous Region
2869,Background
2872,Posidonia
2872,Redox
2875,Porto
2876,Portugal
2876,Wildfire Connectivity
2879,Brazil
2881,Vila
2881,Portugal
2882,Kushida
2882,Fermi
2884,Bashô
2885,California
2885,Benguela
2892,Xe
2893,Robertsonian
2895,Illumina
2896,Sertoli
2896,mSCs
2897,Tunisia
2906,Hessenberg
2909,Phocoena
2909,Halocercus spp.
2909,Stenurus
2910,Trichophyton
2910,mL−1
2916,Portugal
2916,the United Kingdom
2916,Spain
2916,France
2916,Italy
2916,Switzerland
2919,Lisbon
2920,Brazil
2921,turbot
2921,Titanium
2925,Anisakis
2925,s.s.
2926,Coimbra
2926,Portugal
2929,Colpitts
2933,NS
2934,wideband
2937,ST348
2940,Brazil
2940,Ammonia
2940,Haynesina
2940,Bolivina
2940,Massilina
2941,Portugal
2943,Zn
2945,Brazil
2953,Linguistics
2956,Portugal
2961,RC
2962,Portugal
2967,Portugal
2968,RAB7A
2968,RAP1A
2969,Portugal
2970,West Africa
2970,Mauritania
2970,Bivalvia
2970,Malacostraca
2970,Abu
2974,the Member States
2975,Rio Negro
2975,LA
2978,USA
2979,Portugal
2983,Fermi
2985,Portugal
2985,Iberia
2985,Gondwanan terrane
2985,s.l.
2988,Dark
2988,Portugal
2992,Brazil
2994,La
2995,the İstanbul Zone
2995,Turkey
2995,Iran
2995,the Sakarya Zone
2995,Precambrian
2995,Karamaşe
2995,Gondwana
2997,Solea
2998,Sado
2999,CDC151
3003,Lisbon
3003,Porto City Councils
3003,Portugal
3004,IoDT
3006,LA
3007,Sfmbt
3012,F1
3013,Eubacteriales
3013,Desulfovibrionales
3014,GaN
3014,Channeling
3014,InGaN
3015,HeLa
3017,Portugal
3022,Portugal
3023,LA
3023,Massangana
3025,Portugal
3029,Portland
3036,MS
3041,NTRK2
3041,RA
3042,Lisbon
3043,Piston
3044,c.a.
3047,GO
3050,Lisbon
3050,Zn
3051,Spain
3051,Ommastrephidae
3052,Portugal
3053,Cu
3053,Ag
3053,Mo
3053,S
3053,Zn
3054,Pubmed
3056,BIM
3057,AnL
3057,LA
3058,Vespertilionidae
3059,LaFe
3062,ι=44
3063,Z2
3064,boson
3069,Magallana
3069,Northwest Iberian Peninsula
3071,OA
3076,Portugal
3077,mg·L−1
3080,Portland
3082,Estrela
3083,Catalonia
3084,SCOAs
3086,T2
3087,Jecco
3087,Julia
3089,Spain
3091,Brazil
3091,Bolivia
3091,Colombia
3091,Ecuador
3091,Peru
3091,Suriname
3091,Venezuela
3091,Pauxi
3092,Spain
3093,Aiden
3099,Portugal
3100,Canada
3100,Iran
3100,Brazil
3100,Portugal
3102,Li
3103,DigComp
3105,Portugal
3111,PcSPy-RuPc 1-4
3117,Buchdahl
3118,boson
3118,GC
3119,boson
3123,Gadolinium
3123,La
3124,Portland
3126,Portugal
3127,pepsin
3132,ceria
3133,Pemba
3133,Cabo Delgado Province
3133,Mozambique
3135,Portugal
3135,Streptococcus
3135,pneumococci
3139,Colombia
3139,Spain
3140,Zn
3140,Zn concentration
3140,Cu
3142,Portugal
3143,Brazil
3149,0–2
3149,Japan
3150,Stille
3152,NIR
3152,UC
3154,Portugal
3154,sul2
3154,sul1
3157,Caenorhabditis
3159,Spain
3160,Anthropocene
3164,crustaceans
3164,F1
3164,Daphnia
3164,F0
3171,ST
3172,Brazil
3172,Portugal
3172,Costa
3172,Souza
3173,Brazil
3174,Portugal
3174,Chile
3174,Music
3179,Brazil
3180,"Grade, Probast,"
3182,Cyanobacteria
3182,cyanobacteria
3182,Nostoc
3184,Candida
3185,Aveiro
3185,Portugal
3187,Centre
3187,Ferreira
3190,Portugal
3192,Portugal
3199,Portugal
3200,Tunisia
3200,N Africa
3200,Zn
3202,Savalia
3205,Portugal
3206,Lisbon
3206,Porto - Portugal
3206,Athens
3206,Greece
3206,Kuopio - Finland
3206,Treviso
3206,Porto
3210,node
3211,Burkholderia
3211,Candida
3213,Achilles
3216,Portugal
3217,trabectedin
3217,Trabectedin
3218,B[a]P.
3222,CP
3223,AnL
3223,LA
3226,Himasthla
3226,France
3226,Himasthla spp
3231,Portugal
3231,Microcosmus
3231,Clavelina
3233,Portugal
3235,Portugal
3235,Spain
3237,Euronext Lisbon
3237,Bover
3237,Tobin
3241,SWoT
3244,Kamioka
3244,Gifu
3244,Japan
3244,Hannover
3244,Germany
3247,China
3247,BB
3248,Vespertilionidae
3256,Portugal
3258,Candida
3260,xenon
3260,NBrS
3261,Trechaleidae
3261,Trechalea
3264,PORTUGAL
3264,Portugal
3264,Chiroptera
3264,Lynx
3267,Engie
3267,Iberdrola
3274,Portugal
3279,VR
3280,Meloria
3280,Brachyura
3284,EB
3285,boson mass
3288,Portugal
3290,F1
3292,Be
3292,GaN
3295,Sertoli
3296,Xe
3297,Brazil
3297,Proechimys
3297,Necromys
3300,Garcinia
3303,Lasiodiplodia
3303,Botryosphaeriaceae
3303,Botryosphaeria
3303,Aragonez
3303,Peru
3303,Portugal
3304,Botryosphaeria
3304,Lasiodiplodia
3305,BG2
3307,furanones
3308,CFCRB
3311,Macaronesia
3311,Webbnesia
3311,Selvagens
3311,Morocco
3312,Spain
3312,Portugal
3312,Brittany
3312,France
3314,G7
3315,Cenozoic
3315,Iran
3315,Nagisun
3315,Bam
3315,−0.3
3319,Dpp4
3319,DPP4
3321,Mytilus
3322,−0.7
3323,Manila
3323,EF
3323,Ria Formosa
3324,Vibrio
3324,TA100
3324,TA98
3328,MERRA-2
3329,Portugal
3331,NIR
3341,Portugal
3341,DC
3341,upper beach
3343,interna‑
3343,Italy
3343,Spain
3344,nonlin
3344,Economics
3345,Fermi
3349,Portugal
3355,Candida
3357,DP
3358,TG
3359,UC
3359,NIR
3359,RT
3360,Marquardt
3363,Portugal
3363,Russia
3365,IrO
3367,Brazil
3367,SB
3369,Ammonia
3369,Brazil
3371,Fuzzy Graphs
3376,Portugal
3376,Spain
3377,UC
3379,Brazil
3379,Serra
3381,Rio de Janeiro
3381,Brazil
3381,SB
3382,CMIP5/6
3383,Spain
3383,Rio Anllóns
3383,Carril
3383,Ria Formosa
3383,Norway
3383,Denmark
3383,Germany
3383,Netherlands
3383,France
3383,Plymouth
3383,England
3383,Portugal
3383,Oualidia
3383,Morocco
3385,Providencia
3385,Santa Catalina
3386,Chrysopetalum
3387,node
3388,U(1)B
3392,PSR
3394,log(x
3398,MD
3403,Mexico
3403,Honduras
3403,El Salvador
3403,Nicaragua
3403,Costa Rica
3404,Aveiro
3413,BiFeO3
3416,CP
3418,Portugal
3419,Brazil
3419,Portugal
3420,kNN
3425,cyanobacteria
3425,Phocoena
3425,Delphinus
3425,North-West Spain
3426,Rivlin-Ericksen
3430,WST-1
3431,Technosols
3432,Tenerife
3432,Spain
3433,Portugal
3434,Iran
3434,Paleocene
3434,Arabia
3435,Bligh
3436,Portland
3438,MD
3439,the Sakarya Zone
3439,Turkey
3439,Demirköy
3439,LA
3440,Bliα
3441,Portugal
3443,Brazil
3445,Portugal
3449,Mahdia City
3449,Tunisia
3452,Portugal
3455,LFZ
3456,Porto
3460,Portugal
3460,Coimbra
3463,Lautém Municipality
3463,Timor
3463,Fataluku
3463,Tetum
3463,MS
3463,Lautém
3464,≈22%
3468,bis(2
3473,Portugal
3476,PV
3478,RA
3478,mDCs
3480,Portugal
3487,iNKT
3489,Portugal
3489,Costa Nova
3490,Seixal
3490,Portugal
3490,Zn
3493,Portugal
3494,Zn
3495,−
3496,AnL
3496,LA
3496,Fur
3500,GaN
3503,Lisbon
3505,PE
3506,ABMTs
3507,MNT-1
3510,HF
3513,Podarcis
3516,Beauveria
3516,Bb
3520,Portugal
3528,MS
3528,ES
3530,Rio de Janeiro
3531,Nature
3534,new silica
3538,Portugal
3540,Australasia
3540,UK
3540,Portugal
3541,Portugal
3543,the People's Republic of China
3543,PRC
3544,Portugal
3545,MoD
3545,Portugal
3546,Portugal
3548,Censorship
3548,Portugal
3551,Jamming
3554,Pd
3555,Portugal
3556,Portugal
3558,Murtosa
3558,Torreira
3563,Portugal
3564,Portugal
3564,Aassve
3564,al.
3568,Gibbs
3571,QZ
3572,Portugal
3572,North Africa
3572,Mozambique
3575,Webbnesia
3575,P. jourdei sp. nov.
3575,Nereis
3577,Portugal
3583,Aveiro
3583,Portugal
3584,combi-
3586,Brazil
3586,LA
3586,Concordia
3586,Ga.
3588,NS
3589,T&D
3590,ceria
3590,Gadolinium
3596,Portugal
3596,Brazil
3599,Lisbon
3603,Portugal
3606,Tech City
3606,Aveiro
3606,Portugal
3617,Portugal
3617,Brazil
3624,Portugal
3625,Montaldo
3629,Portugal
3636,pTau-181
3637,NE
3649,Portugal
3650,Milan
3650,Italy
3650,Portugal
3650,Porto
3654,LHCP
3655,Frailty Phenotype
3657,Jordan
3662,Lophostoma
3666,Δ f=0.1 GHz
3673,Portugal
3680,Cronbach
3685,Rio de Janeiro
3686,São Paulo
3686,Brazil
3687,China
3689,Portugal
3690,Costa Nova
3690,Aveiro
3690,Portugal
3695,NAVSAFETY
3698,Portugal
3699,Ecuador
3700,Lima
3700,Peru
3702,Portugal
3703,Portugal
3704,Accounting
3707,Pixton
3707,Powtoon
3709,Romance
3709,Italy
3709,Portugal
3710,Crato - CE
3710,Brazil
3718,Australia
3718,South Africa
3718,Turkey
3718,Canada
3719,COVID-19
3726,Aveiro
3726,Portugal
3732,Cali
3732,Colombia
3733,Colombia
3733,Spain
3733,HCI
3741,Portugal
3743,Portugal
3744,Portugal
3746,Design
3747,NC
3747,RC
3749,Oporto
3755,Portugal
3760,Tunisia
3765,AlGaN
3766,Portugal
3770,Resende
3770,Brazil
3770,Paleocene
3774,AβPP
3775,Sabine
3779,South Portugal
3779,Arsenic
3779,Portugal
3781,Portugal
3782,Pemba
3782,Mozambique
3784,Tamandua
3788,Ethiopia
3790,Portugal
3802,Portugal
3802,North vs South
3803,Portugal
3806,Spain
3808,Portugal
3810,GaN
3815,Deh-Zahir
3815,Kerman province
3815,Iran
3815,Nb
3816,RA
3816,NIR
3817,SB
3820,hydroxyl (OH
3821,RAW264.7
3822,Portugal
3822,Saccharopolyspora
3822,Actinomadura
3822,Verrucosispora
3825,Inshore
3825,Galicia
3825,Spain
3825,Portugal
3825,Ria Aveiro
3825,Rias Baixas
3827,Cartan
3828,ABMTs
3832,de novo
3832,Portugal
3835,Astyanax
3837,Brittany
3837,France
3846,Portugal
3849,Ircinia
3850,Sines
3850,Portugal
3851,Ulva spp.
3851,herbaria
3851,Ulva spp
3851,Fucus
3851,Porphyra
3857,Pemba
3857,Mozambique
3860,Brazil
3860,Twitter
3865,Au-NPs
3866,Portugal
3866,Spain
3866,Rias Baixas
3869,Portugal
3871,Hela
3871,HepG2
3878,Cairo
3878,Yaoundé
3878,Kinshasa
3878,Managua
3878,Leopoldo
3878,China
3878,Allahabad
3878,Sri Lanka
3881,Pantanal
3881,Brazil
3882,Brazil
3882,Ubatuba
3882,Nova Almeida
3882,Cananéia
3882,Santos
3884,Mo˙
3887,Portugal
3889,Yukawa
3890,GB
3895,Sarcocornia
3895,LA
3899,CST1
3899,LAMC2
3899,RANBP3
3899,TIMP1/2
3901,Fur
3902,anomaly
3908,La
3908,DC
3913,Portugal
3913,Barragem
3915,La
3920,p22HBP
3922,Botryosphaeriaceae
3922,Algeria
3922,Médéa
3922,Algiers
3922,Tipaza
3922,Biskra
3922,Lasiodiplodia
3923,Ireland
3924,Crocidura
3929,Proteobacteria
3929,Haemophilus
3930,node
3932,Algae
3933,Trichophyton
3938,Iberia
3940,−
3942,Portugal
3944,Portugal
3950,Germany
3950,France
3950,Switzerland
3950,UK
3950,Portugal
3950,USA
3950,Japan
3955,La
3957,Macaronesia
3957,Selvagens
3957,The Macaronesian Islands
3959,Philadelphia
3961,Portugal
3961,Aveiro
3966,the United States
3966,Brazil
3966,the United Kingdom
3966,Spearman
3968,Portugal
3970,Aveiro
3970,Portugal
3970,São Paulo
3970,Brazil
3971,Portugal
3974,Portugal
3974,Neopestalotiopsis iberica
3975,PD
3976,Portugal
3977,Lasiodiplodia
3977,Botryosphaeria
3978,Portugal
3978,Acartia
3978,Paracalanus
3983,Brazil
3992,δT.
3994,pH
3994,Candida
3998,Angola
3998,Pb
3998,Zn
3998,Cr
3998,Hg
3998,PTE
3999,West Africa
3999,Zn
3999,Cu
3999,Cr
4006,Fermi
4007,alumina
4007,Viana
4007,Castelo
4007,Portugal
4014,Latin Squares
4014,Proteobacteria
4014,Ruminococcaceae
4014,Blautia
4014,Actinobacteria
4016,Pontevedra
4017,Redox
4020,US
4024,Aveiro
4024,Portugal
4025,~70%
4027,DC
4028,Pakistan
4032,boson
4032,Palatini
4038,Alheira
4039,Nusselt
4043,America
4044,agar yield
4044,mL−1
4046,Portugal
4047,Brazil
4047,Aracati
4047,Sobral
4047,Viçosa
4047,Ceará
4049,Portugal
4051,Portugal
4053,Aveiro
4054,Portugal
4057,Brazil
4060,Portugal
4061,Portugal
4070,−
4071,Portugal
4072,Noise
4075,Brouage
4081,Ceará
4081,Candida
4087,Portugal
4088,AI
4091,Lourinhã
4091,Portugal
4091,Paimogo
4092,Peru
4092,Botryosphaeriaceae
4092,cv
4092,Lasiodiplodia
4094,the Republic of Cabo Verde
4095,GaN
4095,CERN
4099,Portugal
4102,Athens
4102,Kuopio
4102,Lisbon
4102,Porto
4104,Sergipe
4104,Brazil
4106,Turkey
4108,Schwarzschilld
4112,carbapenem
4112,UWWTPs
4112,Lelliottia
4112,Lelliotia
4113,Gadolinium
4117,Halophila
4119,chloro
4119,respec
4122,Canteens
4128,Di Domenico
4128,A.L.
4128,Machado
4134,Algae
4134,phenolic content
4134,Himanthalia
4134,Pelvetia
4134,Saccharina
4134,Bifurcaria
4134,Laminaria
4134,North-Western
4137,Portugal
4138,mL−1
4141,Brazil
4141,Hg
4141,NE
4145,Rayleigh
4149,macroalgae
4153,Cd
4156,Spain
4156,the Last Interglacial
4158,MS
4162,Triebel
4162,Lizorkin
4164,NCT04095962
4165,Spain
4165,CI
4167,Daphnia
4172,Burkholderia
4174,InGaN
4177,ZnO
4177,Zn
4177,Ga
4180,OA
4181,Si
4183,NoSQL
4187,Hexacorallia
4187,Zoanthus
4188,Manila
4190,TIP4.0
4191,Sichuan
4191,China
4191,Spain
4191,Italy
4191,Ecuador
4191,Chiapas
4191,Mexico
4198,Portugal
4202,Portugal
4203,WST-1
4206,NS
4208,US
4209,US
4210,GelMA
4211,Portugal
4214,UC
4215,VT
4216,OpenMP
4223,Porto
4224,Portugal
4224,Japan
4224,Hawaii
4224,colonies
4227,Pemba
4227,Mozambique
4228,Portugal
4231,Portugal
4240,Germany
4242,Portugal
4247,wideband scenarios
4248,∼0
4259,GaN
4268,Portugal
4270,Angola
4277,Beaton
4278,NaCl
4278,ST
4278,Portugal
4279,Si-NPs
4279,Si
4286,Gadolinium
4286,macroalgae
4292,Australia
4294,Croatia
4297,the United States
4297,Spain
4297,Portugal
4297,the United Kingdom
4298,Himasthla
4300,Portugal
4303,"M(125,300)M"
4303,"M(200,440)M"
4305,"Δ5,1120:2"
4307,C···C
4307,Ramachandran
4310,Algarve
4312,GT
4314,Brillouin
4315,Portugal
4318,Cyrba
4320,MS
4322,Belgium
4322,France
4322,Spain
4323,Rio de Janeiro
4323,Brazil
4323,Suruí
4323,LA
4324,Phorcus
4325,Portugal
4325,width
4336,Multiproxy
4336,Brazil
4336,Cd
4336,Zn
4336,EF
4337,Portugal
4337,macroalgae
4339,ST
4340,Zn
4340,Hg
4340,Se
4341,Lupinus
4343,Ethiopia
4343,hydroxyl
4346,Portugal
4348,MO
4349,Euphausia
4351,Italy
4352,∼22%
4354,São Paulo
4354,Brazil
4363,Brazil
4363,Gurupi
4363,ASTM
4366,Vesiclepedia
4369,antennas
4373,GB
4374,Cronbach
4375,Bessel
4375,Butterworth
4377,Smectite
4381,NPs
4381,Finland
4381,South Africa
4381,India
4386,Brazil
4386,Rio de Janeiro
4386,Mangaratiba
4386,Zn
4392,Morocco
4392,Zn
4394,Spearman
4398,Southwest Spain
4402,Portugal
4402,Labridae
4402,Gadidae
4405,bioburden
4405,Neisseria
4405,Chrysonilia
4405,Nidulantes
4407,Hg
4413,MT
4413,NCT04095962
4421,New Space
4421,Portugal
4423,Phyllodocida
4423,Glyceridae
4423,Iospilidae
4423,Lopadorrhynchidae
4423,Polynoidae
4423,Pontodoridae
4423,Nephtyidae
4423,Typhloscolecidae
4425,Phenolic
4425,OH
4428,kW
4428,m-3
4430,Spain
4433,Brest
4438,Delphinus
4440,Galicia
4440,Spain
4440,Portugal
4441,Santa Barbara
4441,Brazil
4443,Pinnularia
4443,Azores Archipelago
4443,Portugal
4443,Nitzschia
4443,Tryblionella
4443,Chile
4444,NIR
4445,Iran
4445,Anatolia
4445,Gondwana
4449,homogalacturonan domains
4449,CSP-4
4450,Brazil
4450,Proteobacteria
4450,Actinobacteria
4450,Bacteroidetes
4453,Cu
4453,NPs
4454,acetaminophen
4458,N. abyssicola Fage
4458,Mercator
4458,Gemini
4459,LIGO
4462,M13
4463,Beauveria
4487,Portugal
4487,Albeit
4492,Oceania
4492,Japan
4492,Republic of Korea
4492,South Africa
4492,USA
4492,Australia
4492,Canada
4492,China
4492,New Zealand
4492,Singapore
4492,Brazil
4492,South Korea
4492,Mexico
4492,Chile
4492,India
4492,Malaysia
4492,Thailand
4492,Vietnam
4492,Southern Africa
4492,Gambia
4492,East Africa
4492,the Republic of Korea
4494,Lisbon
4494,Portugal
4494,GT
4497,Oenonidae
4497,Eunicida
4499,septum
4500,SB
4500,Brazil
4500,Zn
4501,Portugal
4501,Spain
4506,Brazil
4509,UK
4509,KPC-3
4509,Klebsiella spp.
4510,Chiroptera
4510,Carollia
4512,marine biota
4515,ovarian
4518,Portugal
4522,Ruditapes
4525,B[a]P
4532,Neuston
4532,Malaspina
4533,MS
4537,Laonice
4537,Appelloefia
4537,Norgensia
4542,Bulwer
4544,Solea
4551,boson
4551,microcosmos
4552,Portugal
4552,Lisbon
4555,DC
4557,Portugal
4561,ROC
4563,Portugal
4566,Zearalenone
4567,Portugal
4570,London
4572,LA
4574,Germany
4574,Czech Republic
4574,Denmark
4575,Aveiro
4577,Bairrada
4578,n=41
4584,Mozambique
4584,Knopfli
4584,Lacerda
4585,Brazil
4587,Aveiro
4594,Portugal
4597,Porto
4597,Portugal
4601,Angola
4602,Dark
4602,Portugal
4603,UK
4607,IO
4614,Ophryotrocha
4614,Parougia
4614,H3
4615,Field
4617,Oakley
4621,Indonesia
4621,East Timor
4628,States
4631,Máquina
4633,≥
4633,GOLD−
4640,Portugal
4645,wideband
4647,Portugal
4647,the United States
4647,United Kingdom
4647,Brazil
4648,Pará
4648,Brazil
4656,Japan
4656,Brazil
4657,Brasilia
4657,Brazil
4668,China
4669,Portugal
4671,Portugal
4678,larvae
4679,node
4680,Portugal
4680,Gromova
4680,Hatch
4681,Neogene
4683,Portugal
4687,Himasthla
4688,FBG1
4688,SF
4697,AI
4698,Portugal
4701,Gafanha da Nazaré
4701,Ílhavo
4701,Portugal
4704,Portugal
4705,Bahia
4705,Santa Cruz Cabrália
4707,antennas
4707,PD
4708,Portugal
4708,Madeira
4708,Linnaeus
4709,Portugal
4711,Seaweeds
4712,Portugal
4715,Portugal
4716,Brasilia
4716,Brazil
4718,Portugal
4719,Brazil
4722,Hewitt
4725,Brazil
4727,São Paulo
4727,DC
4732,Brazil
4734,microcephaly
4734,Brazil
4735,Porto
4737,Portugal
4738,Portugal
4739,Portugal
4742,Portland
4745,Barcelona
4745,Spain
4751,Cali
4751,Colombia
4756,Portugal
4758,Portugal
4760,Hippocampus
4760,Portugal
4761,Colombia
4761,Spain
4761,HCI
4766,DR
4772,Pa.
4776,Okoli
4778,Portugal
4782,Guadiana
4782,Portugal
4787,Portugal
4787,Lulworthiaceae
4787,Paralulworthia
4788,Periodontitis
4788,periodontitis
4792,Hakea
4793,CP
4794,Portugal
4796,Tanaidacea
4796,Tirana
4799,DisGeNET
4802,Fermi
4805,Portugal
4805,Iceland
4809,Rio de Janeiro
4812,Fungal
4812,macroalgae
4812,Leptobacillium
4812,Penicillium
4812,actA
4813,CV
4813,DisGeNET
4818,≈14
4825,OR=5.53
4827,Portugal
4827,Aveiro
4829,LFZ
4830,Brazil
4830,Al
4830,Zn
4834,Mass Yield
4839,South Portuguese Zone
4839,Gondwanan
4841,GaN
4843,Geography
4843,Portugal
4843,Brazil
4845,Bairrada
4850,Pretoria
4850,South Africa
4850,Portugal
4851,57.46–84.12
4852,DCF
4854,Scuba
4855,xanthoelegansin
4858,Sfax
4858,Tunisia
4859,Caenorhabditis
4860,Portugal
4860,Brazil
4862,Burkholderia
4864,Burkholderia
4867,Raviz-Shanabad
4867,W Rafsanjan
4872,Portugal
4875,the United Arab Emirates
4875,Dubai
4881,Portugal
4881,Spain
4882,Portugal
4892,Leiria
4892,Portugal
4892,west façade
4892,BIM
4896,Herdeiro
4898,Telecom
4899,Portugal
4899,Ediacaran-Cambrian
4900,Yukawa
4902,Portugal
4904,ZH
4905,NaN
4905,RT
4906,Portugal
4906,ARIA
4908,Portugal
4909,Portugal
4909,Spain
4913,L−1
4916,macroalgae
4917,kPa
4920,Salsa
4920,Gurken
4922,Zn
4925,Wuhan
4925,China
4927,Portugal
4929,Cho
4929,Yoon
4930,Portugal
4933,Portugal
4938,Italy
4938,Portugal
4942,Manila
4942,Portugal
4944,Sweden
4945,Mexico
4946,Portugal
4946,Herpestidae
4946,Canidae
4946,Viverridae
4957,MD
4958,Cape Town
4958,South Africa's
4959,Gürke
4959,Dexverapamil
4961,IO
4962,node
4967,Portugal
4970,Alcyoniina
4970,Lophelia
4977,China
4978,PTFE
4980,bioburden
4980,Nidulantes
4982,QA
4982,LN229
4982,SNB19
4986,Canada
4988,Canidae
4988,Felidae
4988,Ursidae
4988,Mustelidae
4993,Zn
4994,Himasthla
4999,Algeria
4999,Botryosphaeria
4999,Botryosphaeriaceae
