Topic_ID,Topic_Label,Description,Top_Terms,Trend_Status
0,Available Dataset Analysis,"The topic involves analyzing available datasets from different countries and platforms to understand the metadata, characteristics, and applications of peptide-related data. It aims to explore the use of available datums in scientific research and their potential impact on various fields. The study also examines the availability of peptide data across various sources and platforms. Overall, the research focuses on understanding the utility and limitations of available datasets in peptide science.","available, datum, metadata, country, dataset, platform, available datum, available elsevi, peptide, number, https, available https, variant, question, datum available",⚖️ Stable
1,Material Synthesis and Properties,"Research investigates new ligands, complex formation, and material properties related to temperature, emission, and phase transformations in various metal salts and organic compounds.","inf, inf inf, temperature, complex, emission, material, ligand, property, 10, phase, 10 inf, ray, inf 10, magnetic, thermal",🔥 Hot / Emerging
2,Sustainable Tourism Development,"This study examines the progress of tourism towards sustainability and innovation, analyzing five years of research on innovative practices applied to sustainable tourism. It discusses the challenges of gentrification in urban historic centers and proposed approaches to manage development. The research aims to contribute to a better understanding of sustainable tourism management. It focuses on social and environmental aspects of tourism.","tourism, research, study, company, sustainability, innovation, sustainable, social, management, development, literature, destination, tourist, sector, business",⚖️ Stable
3,Wireless Energy Harvesting,"Research focuses on improving power transfer efficiency and signal quality in wireless energy harvesting systems, including RF amplifiers and backscatter communications. The goal is to enhance system performance and device capabilities with advanced antenna designs and energy management techniques.","power, system, antenna, energy, sensor, signal, frequency, performance, device, optical, paper, efficiency, ghz, channel, design",⚖️ Stable
4,Cancer Cell Metabolism,"Research focuses on understanding how cancer cells metabolize and respond to various compounds, with implications for chemotherapy resistance and treatment outcomes. Studies investigate the effects of glycolytic inhibitors on tumor microenvironment and immune cell metabolism. The goal is to identify potential targets for therapy and improve cancer treatment efficacy. By analyzing cellular activity and compound properties, scientists aim to uncover new insights into cancer biology.","cell, cancer, activity, compound, effect, protein, acid, high, property, potential, lipid, concentration, extract, treatment, drug",⚖️ Stable
5,Black Hole Physics Research,"This topic focuses on the study of black holes and their interactions with scalar fields, gravitational waves, and dark matter. Researchers explore the possibility of self-gravitating structures composed of scalar fields surrounding galactic halos and interacting with black holes. The goal is to constrain theoretical models of black holes using current gravitational wave data. This research aims to shed light on the nature of dark matter and the behavior of black holes in the universe.","black, black hole, hole, scalar, star, gravitational, model, field, wave, gravitational wave, boson, mass, solution, scalar field, boson star",⚖️ Stable
6,Disease and Care,"Research studies focus on physical disability, mental health, fatigue, and quality of life in patients with juvenile idiopathic arthritis (JIA) and other diseases such as Sjogren's disease. The goal is to understand the impact of these conditions on patients' lives and develop effective care interventions. Age and group differences are also explored. The studies aim to improve patient outcomes through better understanding and management of these complex diseases.","patient, health, disease, care, clinical, study, group, intervention, age, old, risk, healthcare, year, outcome, diagnosis",🔥 Hot / Emerging
7,Marine Species Diversity,"Research focuses on marine species diversity, including their habitats, distributions, and conservation. The study of flagship species like the European Stag Beetle can positively impact the conservation of other related species. Marine fungi diversity is also explored in Portuguese environments. Environmental changes are considered.","specie, water, area, change, marine, region, sediment, habitat, high, environmental, population, climate, study, concentration, coastal",⚖️ Stable
8,Education and Teaching,"Research focuses on teacher-student relationships, interdisciplinary approaches in education, and personalized learning environments to enhance student outcomes.","student, education, teacher, school, learning, skill, educational, teaching, study, science, training, research, digital, university, course",⚖️ Stable
9,V2X Networks Challenges,"The paper discusses challenges in hybrid networks, particularly in V2X networks due to frequent topology changes and high mobility. Mobile networks are attractive for emergency services but require flexible communication management. 5G network resource management is static and lacks mobility information. The research focuses on the operational issues of V2X networks.","network, service, vehicle, communication, datum, user, system, real, technology, traffic, model, architecture, road, time, performance",🔥 Hot / Emerging
